",""range"",""subject_nr"",""gender"",""handedness"",""age"",""phonepracticetime"",""phonepretesttime"",""singledrivingscore"",""focus"""
662,1.898,103,0,0,27,51.8788,40.34252,0.858,0
110,1.61,11,0,0,23,6.39999999999999,13.71523,1.0412,1
548,2.216,9,0,0,26,28.2996,11.28364,0.963,1
687,2.522,104,0,1,21,26.4328,9.5462,1.1782,0
387,3.342,5,0,0,23,10.7842,26.77057,1.9615,1
977,6.08,111,0,0,21,22.1436,15.59891,1.0653,0
590,3.364,101,0,0,26,35.7606,36.33704,1.3995,1
864,2.941,108,1,0,21,6.28619999999999,4.21053000000001,1.0678,1
21,3.044,1,0,0,35,29.8818,13.33317,0.978,1
355,1.277,4,0,0,22,7.39939999999999,16.13606,0.914181818181818,1
473,1.624,7,1,0,21,11.2238,10.47761,1.3434,1
254,2.635,2,0,0,21,3.29719999999999,0,0.762,0
421,0,6,0,0,19,19.8308,8.79128000000001,0.9088,1
309,4.063,3,1,0,21,44.2434,22.26773,1.4218,1
842,2.125,107,0,0,31,9.7392,18.27776,0.9478,1
305,2.077,3,1,0,21,44.2434,22.26773,1.4218,1
744,3.968,105,1,1,24,6.91499999999999,26.64963,1.2643,1
101,5.226,11,0,0,23,6.39999999999999,13.71523,1.0412,1
229,1.971,14,0,1,19,0,6.17871,1.7157,1
540,1.274,9,0,0,26,28.2996,11.28364,0.963,0
498,0.988,8,0,0,20,26.6234,6.76613,0.7977,0
975,1.875,111,0,0,21,22.1436,15.59891,1.0653,0
398,2.989,5,0,0,23,10.7842,26.77057,1.9615,1
979,2.663,111,0,0,21,22.1436,15.59891,1.0653,0
782,1.908,106,1,0,21,5.6622,15.63464,0.9637,0
599,3.45,101,0,0,26,35.7606,36.33704,1.3995,1
233,2.663,14,0,1,19,0,6.17871,1.7157,1
423,1.141,6,0,0,19,19.8308,8.79128000000001,0.9088,1
87,1.936,11,0,0,23,6.39999999999999,13.71523,1.0412,0
688,1.483,104,0,1,21,26.4328,9.5462,1.1782,0
683,2.119,104,0,1,21,26.4328,9.5462,1.1782,0
588,2.457,101,0,0,26,35.7606,36.33704,1.3995,1
520,0.863,8,0,0,20,26.6234,6.76613,0.7977,1
461,1.627,7,1,0,21,11.2238,10.47761,1.3434,0
609,5.582,102,1,0,26,32.616,21.84194,1.1167,0
846,4.492,108,1,0,21,6.28619999999999,4.21053000000001,1.0678,0
6,2.654,1,0,0,35,29.8818,13.33317,0.978,0
655,2.287,103,0,0,27,51.8788,40.34252,0.858,0
358,2.271,4,0,0,22,7.39939999999999,16.13606,0.914181818181818,1
924,1.22,110,0,0,20,16.0942,7.16335000000001,0.9572,0
269,0.907,2,0,0,21,3.29719999999999,0,0.762,1
417,1.364,6,0,0,19,19.8308,8.79128000000001,0.9088,0
697,2.83,104,0,1,21,26.4328,9.5462,1.1782,0
645,1.547,103,0,0,27,51.8788,40.34252,0.858,0
170,2.802,13,0,0,21,2.55919999999999,9.16029000000001,1.0889,0
176,1.758,13,0,0,21,2.55919999999999,9.16029000000001,1.0889,0
940,1.482,110,0,0,20,16.0942,7.16335000000001,0.9572,0
519,1.131,8,0,0,20,26.6234,6.76613,0.7977,1
247,3.215,2,0,0,21,3.29719999999999,0,0.762,0
339,3.365,4,0,0,22,7.39939999999999,16.13606,0.914181818181818,0
858,1.755,108,1,0,21,6.28619999999999,4.21053000000001,1.0678,0
900,1.905,109,0,1,21,9.5668,19.40929,1.1155,0
369,2.778,5,0,0,23,10.7842,26.77057,1.9615,0
123,3.438,12,1,0,28,3.634,5.99213999999999,0.9977,0
869,1.241,108,1,0,21,6.28619999999999,4.21053000000001,1.0678,1
19,1.727,1,0,0,35,29.8818,13.33317,0.978,0
568,6.762,101,0,0,26,35.7606,36.33704,1.3995,0
291,5.752,3,1,0,21,44.2434,22.26773,1.4218,0
800,1.854,106,1,0,21,5.6622,15.63464,0.9637,1
672,1.386,103,0,0,27,51.8788,40.34252,0.858,1
350,2.1,4,0,0,22,7.39939999999999,16.13606,0.914181818181818,1
283,4.532,3,1,0,21,44.2434,22.26773,1.4218,0
208,1.374,14,0,1,19,0,6.17871,1.7157,0
536,2.053,9,0,0,26,28.2996,11.28364,0.963,0
1002,1.511,111,0,0,21,22.1436,15.59891,1.0653,1
264,1.831,2,0,0,21,3.29719999999999,0,0.762,1
996,2.258,111,0,0,21,22.1436,15.59891,1.0653,1
58,5.956,10,1,0,22,25.475,21.56203,1.4604,0
766,4.779,106,1,0,21,5.6622,15.63464,0.9637,0
285,2.504,3,1,0,21,44.2434,22.26773,1.4218,0
570,3.074,101,0,0,26,35.7606,36.33704,1.3995,0
912,2.191,109,0,1,21,9.5668,19.40929,1.1155,1
578,3.286,101,0,0,26,35.7606,36.33704,1.3995,0
271,2.181,2,0,0,21,3.29719999999999,0,0.762,1
957,1.612,110,0,0,20,16.0942,7.16335000000001,0.9572,1
140,2.932,12,1,0,28,3.634,5.99213999999999,0.9977,0
330,3.177,4,0,0,22,7.39939999999999,16.13606,0.914181818181818,0
604,4.1,102,1,0,26,32.616,21.84194,1.1167,0
299,7.85,3,1,0,21,44.2434,22.26773,1.4218,0
234,2.165,14,0,1,19,0,6.17871,1.7157,1
212,3.003,14,0,1,19,0,6.17871,1.7157,0
38,2.366,1,0,0,35,29.8818,13.33317,0.978,1
813,5.887,107,0,0,31,9.7392,18.27776,0.9478,0
267,1.734,2,0,0,21,3.29719999999999,0,0.762,1
125,1.605,12,1,0,28,3.634,5.99213999999999,0.9977,0
479,1.923,7,1,0,21,11.2238,10.47761,1.3434,1
753,1.599,105,1,1,24,6.91499999999999,26.64963,1.2643,1
35,2.573,1,0,0,35,29.8818,13.33317,0.978,1
500,1.291,8,0,0,20,26.6234,6.76613,0.7977,0
51,8.012,10,1,0,22,25.475,21.56203,1.4604,0
820,1.873,107,0,0,31,9.7392,18.27776,0.9478,0
651,1.701,103,0,0,27,51.8788,40.34252,0.858,0
395,5.186,5,0,0,23,10.7842,26.77057,1.9615,1
323,3.932,4,0,0,22,7.39939999999999,16.13606,0.914181818181818,0
226,1.825,14,0,1,19,0,6.17871,1.7157,1
178,1.706,13,0,0,21,2.55919999999999,9.16029000000001,1.0889,0
874,1.68,108,1,0,21,6.28619999999999,4.21053000000001,1.0678,1
941,2,110,0,0,20,16.0942,7.16335000000001,0.9572,0
806,1.759,107,0,0,31,9.7392,18.27776,0.9478,0
17,2.078,1,0,0,35,29.8818,13.33317,0.978,0
353,2.055,4,0,0,22,7.39939999999999,16.13606,0.914181818181818,1
131,5.141,12,1,0,28,3.634,5.99213999999999,0.9977,0
643,2.116,103,0,0,27,51.8788,40.34252,0.858,0
891,1.549,109,0,1,21,9.5668,19.40929,1.1155,0
904,4.744,109,0,1,21,9.5668,19.40929,1.1155,1
503,0.917,8,0,0,20,26.6234,6.76613,0.7977,1
379,3.311,5,0,0,23,10.7842,26.77057,1.9615,0
998,1.33,111,0,0,21,22.1436,15.59891,1.0653,1
631,1.725,102,1,0,26,32.616,21.84194,1.1167,1
205,2.367,14,0,1,19,0,6.17871,1.7157,0
381,2.805,5,0,0,23,10.7842,26.77057,1.9615,1
469,1.719,7,1,0,21,11.2238,10.47761,1.3434,1
106,2.665,11,0,0,23,6.39999999999999,13.71523,1.0412,1
133,1.617,12,1,0,28,3.634,5.99213999999999,0.9977,0
708,2.039,104,0,1,21,26.4328,9.5462,1.1782,1
356,1.845,4,0,0,22,7.39939999999999,16.13606,0.914181818181818,1
770,10.509,106,1,0,21,5.6622,15.63464,0.9637,0
823,2.032,107,0,0,31,9.7392,18.27776,0.9478,0
725,2.582,105,1,1,24,6.91499999999999,26.64963,1.2643,0
880,1.736,108,1,0,21,6.28619999999999,4.21053000000001,1.0678,1
274,1.26,2,0,0,21,3.29719999999999,0,0.762,1
168,2.142,13,0,0,21,2.55919999999999,9.16029000000001,1.0889,0
791,1.359,106,1,0,21,5.6622,15.63464,0.9637,1
109,1.569,11,0,0,23,6.39999999999999,13.71523,1.0412,1
1000,1.685,111,0,0,21,22.1436,15.59891,1.0653,1
902,2.662,109,0,1,21,9.5668,19.40929,1.1155,0
582,3.663,101,0,0,26,35.7606,36.33704,1.3995,1
524,1.308,9,0,0,26,28.2996,11.28364,0.963,0
637,3.106,102,1,0,26,32.616,21.84194,1.1167,1
340,2.752,4,0,0,22,7.39939999999999,16.13606,0.914181818181818,0
529,1.594,9,0,0,26,28.2996,11.28364,0.963,0
280,5.799,2,0,0,21,3.29719999999999,0,0.762,1
991,2.664,111,0,0,21,22.1436,15.59891,1.0653,1
296,2.968,3,1,0,21,44.2434,22.26773,1.4218,0
892,2.357,109,0,1,21,9.5668,19.40929,1.1155,0
931,1.78,110,0,0,20,16.0942,7.16335000000001,0.9572,0
559,2.322,9,0,0,26,28.2996,11.28364,0.963,1
796,1.69,106,1,0,21,5.6622,15.63464,0.9637,1
199,1.126,13,0,0,21,2.55919999999999,9.16029000000001,1.0889,1
920,1.457,109,0,1,21,9.5668,19.40929,1.1155,1
819,2.071,107,0,0,31,9.7392,18.27776,0.9478,0
561,1.753,9,0,0,26,28.2996,11.28364,0.963,1
836,1.605,107,0,0,31,9.7392,18.27776,0.9478,1
638,2.215,102,1,0,26,32.616,21.84194,1.1167,1
221,1.889,14,0,1,19,0,6.17871,1.7157,1
288,5.76,3,1,0,21,44.2434,22.26773,1.4218,0
581,5.525,101,0,0,26,35.7606,36.33704,1.3995,0
203,6.205,14,0,1,19,0,6.17871,1.7157,0
61,1.895,10,1,0,22,25.475,21.56203,1.4604,1
576,7.938,101,0,0,26,35.7606,36.33704,1.3995,0
827,1.863,107,0,0,31,9.7392,18.27776,0.9478,1
278,1.412,2,0,0,21,3.29719999999999,0,0.762,1
969,1.948,111,0,0,21,22.1436,15.59891,1.0653,0
25,3.741,1,0,0,35,29.8818,13.33317,0.978,1
268,1.505,2,0,0,21,3.29719999999999,0,0.762,1
751,3.028,105,1,1,24,6.91499999999999,26.64963,1.2643,1
965,1.205,111,0,0,21,22.1436,15.59891,1.0653,0
488,1.235,8,0,0,20,26.6234,6.76613,0.7977,0
628,2.368,102,1,0,26,32.616,21.84194,1.1167,1
130,3.811,12,1,0,28,3.634,5.99213999999999,0.9977,0
686,2.065,104,0,1,21,26.4328,9.5462,1.1782,0
608,4.581,102,1,0,26,32.616,21.84194,1.1167,0
572,4.531,101,0,0,26,35.7606,36.33704,1.3995,0
772,9.681,106,1,0,21,5.6622,15.63464,0.9637,0
917,1.991,109,0,1,21,9.5668,19.40929,1.1155,1
420,2.084,6,0,0,19,19.8308,8.79128000000001,0.9088,0
658,1.908,103,0,0,27,51.8788,40.34252,0.858,0
832,2.242,107,0,0,31,9.7392,18.27776,0.9478,1
925,2.11,110,0,0,20,16.0942,7.16335000000001,0.9572,0
282,3.825,3,1,0,21,44.2434,22.26773,1.4218,0
431,1.009,6,0,0,19,19.8308,8.79128000000001,0.9088,1
950,1.655,110,0,0,20,16.0942,7.16335000000001,0.9572,1
458,2.077,7,1,0,21,11.2238,10.47761,1.3434,0
373,7.728,5,0,0,23,10.7842,26.77057,1.9615,0
647,1.893,103,0,0,27,51.8788,40.34252,0.858,0
84,1.465,11,0,0,23,6.39999999999999,13.71523,1.0412,0
573,3.302,101,0,0,26,35.7606,36.33704,1.3995,0
627,5.127,102,1,0,26,32.616,21.84194,1.1167,1
830,3.278,107,0,0,31,9.7392,18.27776,0.9478,1
471,1.751,7,1,0,21,11.2238,10.47761,1.3434,1
406,1.448,6,0,0,19,19.8308,8.79128000000001,0.9088,0
376,3.568,5,0,0,23,10.7842,26.77057,1.9615,0
455,1.898,7,1,0,21,11.2238,10.47761,1.3434,0
815,1.886,107,0,0,31,9.7392,18.27776,0.9478,0
249,2.506,2,0,0,21,3.29719999999999,0,0.762,0
602,7.687,102,1,0,26,32.616,21.84194,1.1167,0
685,3.604,104,0,1,21,26.4328,9.5462,1.1782,0
453,2.288,7,1,0,21,11.2238,10.47761,1.3434,0
86,5.144,11,0,0,23,6.39999999999999,13.71523,1.0412,0
171,1.975,13,0,0,21,2.55919999999999,9.16029000000001,1.0889,0
894,3.676,109,0,1,21,9.5668,19.40929,1.1155,0
690,3.023,104,0,1,21,26.4328,9.5462,1.1782,0
124,2.299,12,1,0,28,3.634,5.99213999999999,0.9977,0
574,6.637,101,0,0,26,35.7606,36.33704,1.3995,0
105,2.612,11,0,0,23,6.39999999999999,13.71523,1.0412,1
873,2.895,108,1,0,21,6.28619999999999,4.21053000000001,1.0678,1
145,3.562,12,1,0,28,3.634,5.99213999999999,0.9977,1
689,1.516,104,0,1,21,26.4328,9.5462,1.1782,0
484,1.261,8,0,0,20,26.6234,6.76613,0.7977,0
934,2.683,110,0,0,20,16.0942,7.16335000000001,0.9572,0
257,2.58,2,0,0,21,3.29719999999999,0,0.762,0
951,1.859,110,0,0,20,16.0942,7.16335000000001,0.9572,1
314,5.134,3,1,0,21,44.2434,22.26773,1.4218,1
147,2.383,12,1,0,28,3.634,5.99213999999999,0.9977,1
727,3.542,105,1,1,24,6.91499999999999,26.64963,1.2643,0
706,1.18,104,0,1,21,26.4328,9.5462,1.1782,1
434,1.098,6,0,0,19,19.8308,8.79128000000001,0.9088,1
411,1.271,6,0,0,19,19.8308,8.79128000000001,0.9088,0
235,2.476,14,0,1,19,0,6.17871,1.7157,1
489,1.141,8,0,0,20,26.6234,6.76613,0.7977,0
558,1.978,9,0,0,26,28.2996,11.28364,0.963,1
5,2.565,1,0,0,35,29.8818,13.33317,0.978,0
754,1.8,105,1,1,24,6.91499999999999,26.64963,1.2643,1
649,2.685,103,0,0,27,51.8788,40.34252,0.858,0
738,2.445,105,1,1,24,6.91499999999999,26.64963,1.2643,0
504,0.929,8,0,0,20,26.6234,6.76613,0.7977,1
150,2.254,12,1,0,28,3.634,5.99213999999999,0.9977,1
709,1.719,104,0,1,21,26.4328,9.5462,1.1782,1
513,0.9,8,0,0,20,26.6234,6.76613,0.7977,1
422,0.937,6,0,0,19,19.8308,8.79128000000001,0.9088,1
407,1.572,6,0,0,19,19.8308,8.79128000000001,0.9088,0
80,7.483,10,1,0,22,25.475,21.56203,1.4604,1
741,3.45,105,1,1,24,6.91499999999999,26.64963,1.2643,0
204,1.825,14,0,1,19,0,6.17871,1.7157,0
100,1.535,11,0,0,23,6.39999999999999,13.71523,1.0412,0
404,1.171,6,0,0,19,19.8308,8.79128000000001,0.9088,0
705,1.648,104,0,1,21,26.4328,9.5462,1.1782,1
675,1.546,103,0,0,27,51.8788,40.34252,0.858,1
78,2.23,10,1,0,22,25.475,21.56203,1.4604,1
514,0.891,8,0,0,20,26.6234,6.76613,0.7977,1
352,1.841,4,0,0,22,7.39939999999999,16.13606,0.914181818181818,1
392,7.902,5,0,0,23,10.7842,26.77057,1.9615,1
45,23.249,10,1,0,22,25.475,21.56203,1.4604,0
214,2.017,14,0,1,19,0,6.17871,1.7157,0
326,2.41,4,0,0,22,7.39939999999999,16.13606,0.914181818181818,0
984,2.468,111,0,0,21,22.1436,15.59891,1.0653,1
721,1.549,104,0,1,21,26.4328,9.5462,1.1782,1
881,1.92,108,1,0,21,6.28619999999999,4.21053000000001,1.0678,1
230,3.682,14,0,1,19,0,6.17871,1.7157,1
515,1.063,8,0,0,20,26.6234,6.76613,0.7977,1
119,2.494,11,0,0,23,6.39999999999999,13.71523,1.0412,1
246,1.835,2,0,0,21,3.29719999999999,0,0.762,0
36,2.642,1,0,0,35,29.8818,13.33317,0.978,1
76,5.091,10,1,0,22,25.475,21.56203,1.4604,1
368,4.481,5,0,0,23,10.7842,26.77057,1.9615,0
418,1.164,6,0,0,19,19.8308,8.79128000000001,0.9088,0
424,0.866,6,0,0,19,19.8308,8.79128000000001,0.9088,1
485,0.919,8,0,0,20,26.6234,6.76613,0.7977,0
897,3.287,109,0,1,21,9.5668,19.40929,1.1155,0
349,1.91,4,0,0,22,7.39939999999999,16.13606,0.914181818181818,1
657,1.675,103,0,0,27,51.8788,40.34252,0.858,0
580,5.454,101,0,0,26,35.7606,36.33704,1.3995,0
467,3.185,7,1,0,21,11.2238,10.47761,1.3434,1
795,1.47,106,1,0,21,5.6622,15.63464,0.9637,1
794,4.906,106,1,0,21,5.6622,15.63464,0.9637,1
239,2.5,14,0,1,19,0,6.17871,1.7157,1
343,1.631,4,0,0,22,7.39939999999999,16.13606,0.914181818181818,1
95,4.041,11,0,0,23,6.39999999999999,13.71523,1.0412,0
972,3.685,111,0,0,21,22.1436,15.59891,1.0653,0
164,2.535,13,0,0,21,2.55919999999999,9.16029000000001,1.0889,0
639,2.687,102,1,0,26,32.616,21.84194,1.1167,1
174,1.522,13,0,0,21,2.55919999999999,9.16029000000001,1.0889,0
464,1.912,7,1,0,21,11.2238,10.47761,1.3434,1
624,4.649,102,1,0,26,32.616,21.84194,1.1167,1
763,2.536,105,1,1,24,6.91499999999999,26.64963,1.2643,1
289,5.522,3,1,0,21,44.2434,22.26773,1.4218,0
780,2.625,106,1,0,21,5.6622,15.63464,0.9637,0
445,1.84,7,1,0,21,11.2238,10.47761,1.3434,0
70,5.968,10,1,0,22,25.475,21.56203,1.4604,1
707,1.412,104,0,1,21,26.4328,9.5462,1.1782,1
295,3.653,3,1,0,21,44.2434,22.26773,1.4218,0
613,3.964,102,1,0,26,32.616,21.84194,1.1167,0
258,2.656,2,0,0,21,3.29719999999999,0,0.762,0
300,4.602,3,1,0,21,44.2434,22.26773,1.4218,0
801,1.573,106,1,0,21,5.6622,15.63464,0.9637,1
26,2.165,1,0,0,35,29.8818,13.33317,0.978,1
220,2.062,14,0,1,19,0,6.17871,1.7157,0
388,5.247,5,0,0,23,10.7842,26.77057,1.9615,1
861,2.644,108,1,0,21,6.28619999999999,4.21053000000001,1.0678,0
788,1.21,106,1,0,21,5.6622,15.63464,0.9637,1
98,8.207,11,0,0,23,6.39999999999999,13.71523,1.0412,0
242,1.917,2,0,0,21,3.29719999999999,0,0.762,0
185,2.113,13,0,0,21,2.55919999999999,9.16029000000001,1.0889,1
807,1.311,107,0,0,31,9.7392,18.27776,0.9478,0
113,2.62,11,0,0,23,6.39999999999999,13.71523,1.0412,1
895,2.346,109,0,1,21,9.5668,19.40929,1.1155,0
752,3.615,105,1,1,24,6.91499999999999,26.64963,1.2643,1
932,2.432,110,0,0,20,16.0942,7.16335000000001,0.9572,0
298,3.686,3,1,0,21,44.2434,22.26773,1.4218,0
694,2.607,104,0,1,21,26.4328,9.5462,1.1782,0
557,3.834,9,0,0,26,28.2996,11.28364,0.963,1
122,3.048,12,1,0,28,3.634,5.99213999999999,0.9977,0
569,5.03,101,0,0,26,35.7606,36.33704,1.3995,0
279,1.638,2,0,0,21,3.29719999999999,0,0.762,1
251,2.33,2,0,0,21,3.29719999999999,0,0.762,0
157,1.98,12,1,0,28,3.634,5.99213999999999,0.9977,1
831,2.187,107,0,0,31,9.7392,18.27776,0.9478,1
596,2.312,101,0,0,26,35.7606,36.33704,1.3995,1
710,1.65,104,0,1,21,26.4328,9.5462,1.1782,1
303,3.781,3,1,0,21,44.2434,22.26773,1.4218,1
189,1.563,13,0,0,21,2.55919999999999,9.16029000000001,1.0889,1
483,1.442,8,0,0,20,26.6234,6.76613,0.7977,0
255,1.901,2,0,0,21,3.29719999999999,0,0.762,0
128,2.75,12,1,0,28,3.634,5.99213999999999,0.9977,0
635,5.904,102,1,0,26,32.616,21.84194,1.1167,1
456,2.76,7,1,0,21,11.2238,10.47761,1.3434,0
232,1.687,14,0,1,19,0,6.17871,1.7157,1
968,1.484,111,0,0,21,22.1436,15.59891,1.0653,0
115,3.019,11,0,0,23,6.39999999999999,13.71523,1.0412,1
762,3.391,105,1,1,24,6.91499999999999,26.64963,1.2643,1
668,1.721,103,0,0,27,51.8788,40.34252,0.858,1
270,2.433,2,0,0,21,3.29719999999999,0,0.762,1
248,2.105,2,0,0,21,3.29719999999999,0,0.762,0
531,1.875,9,0,0,26,28.2996,11.28364,0.963,0
834,1.898,107,0,0,31,9.7392,18.27776,0.9478,1
447,2.232,7,1,0,21,11.2238,10.47761,1.3434,0
717,1.538,104,0,1,21,26.4328,9.5462,1.1782,1
692,5.263,104,0,1,21,26.4328,9.5462,1.1782,0
584,2.196,101,0,0,26,35.7606,36.33704,1.3995,1
534,2.154,9,0,0,26,28.2996,11.28364,0.963,0
209,3.073,14,0,1,19,0,6.17871,1.7157,0
46,6.542,10,1,0,22,25.475,21.56203,1.4604,0
224,2.78,14,0,1,19,0,6.17871,1.7157,1
44,6.484,10,1,0,22,25.475,21.56203,1.4604,0
508,0.987,8,0,0,20,26.6234,6.76613,0.7977,1
412,1.254,6,0,0,19,19.8308,8.79128000000001,0.9088,0
85,3.872,11,0,0,23,6.39999999999999,13.71523,1.0412,0
505,1.176,8,0,0,20,26.6234,6.76613,0.7977,1
43,17.21,10,1,0,22,25.475,21.56203,1.4604,0
601,3.239,101,0,0,26,35.7606,36.33704,1.3995,1
111,2.082,11,0,0,23,6.39999999999999,13.71523,1.0412,1
277,1.186,2,0,0,21,3.29719999999999,0,0.762,1
648,1.966,103,0,0,27,51.8788,40.34252,0.858,0
757,2.032,105,1,1,24,6.91499999999999,26.64963,1.2643,1
784,1.529,106,1,0,21,5.6622,15.63464,0.9637,1
12,1.45,1,0,0,35,29.8818,13.33317,0.978,0
402,2.41,6,0,0,19,19.8308,8.79128000000001,0.9088,0
491,1.733,8,0,0,20,26.6234,6.76613,0.7977,0
306,4.774,3,1,0,21,44.2434,22.26773,1.4218,1
463,2.224,7,1,0,21,11.2238,10.47761,1.3434,1
1001,2.466,111,0,0,21,22.1436,15.59891,1.0653,1
127,1.953,12,1,0,28,3.634,5.99213999999999,0.9977,0
240,2.216,14,0,1,19,0,6.17871,1.7157,1
785,2.258,106,1,0,21,5.6622,15.63464,0.9637,1
137,3.528,12,1,0,28,3.634,5.99213999999999,0.9977,0
290,18.085,3,1,0,21,44.2434,22.26773,1.4218,0
10,4.106,1,0,0,35,29.8818,13.33317,0.978,0
497,1.087,8,0,0,20,26.6234,6.76613,0.7977,0
315,10.67,3,1,0,21,44.2434,22.26773,1.4218,1
867,2.304,108,1,0,21,6.28619999999999,4.21053000000001,1.0678,1
640,3.437,102,1,0,26,32.616,21.84194,1.1167,1
99,1.992,11,0,0,23,6.39999999999999,13.71523,1.0412,0
545,1.725,9,0,0,26,28.2996,11.28364,0.963,1
121,3.592,12,1,0,28,3.634,5.99213999999999,0.9977,0
320,16.091,3,1,0,21,44.2434,22.26773,1.4218,1
81,3.371,11,0,0,23,6.39999999999999,13.71523,1.0412,0
654,2.486,103,0,0,27,51.8788,40.34252,0.858,0
476,1.57,7,1,0,21,11.2238,10.47761,1.3434,1
964,3.071,111,0,0,21,22.1436,15.59891,1.0653,0
512,0.762,8,0,0,20,26.6234,6.76613,0.7977,1
344,1.915,4,0,0,22,7.39939999999999,16.13606,0.914181818181818,1
863,2.457,108,1,0,21,6.28619999999999,4.21053000000001,1.0678,0
372,3.385,5,0,0,23,10.7842,26.77057,1.9615,0
342,1.919,4,0,0,22,7.39939999999999,16.13606,0.914181818181818,1
393,3.498,5,0,0,23,10.7842,26.77057,1.9615,1
926,4.63,110,0,0,20,16.0942,7.16335000000001,0.9572,0
851,2.388,108,1,0,21,6.28619999999999,4.21053000000001,1.0678,0
450,1.293,7,1,0,21,11.2238,10.47761,1.3434,0
928,2.136,110,0,0,20,16.0942,7.16335000000001,0.9572,0
603,4.249,102,1,0,26,32.616,21.84194,1.1167,0
494,1.364,8,0,0,20,26.6234,6.76613,0.7977,0
495,1.365,8,0,0,20,26.6234,6.76613,0.7977,0
162,2.12,13,0,0,21,2.55919999999999,9.16029000000001,1.0889,0
767,14.956,106,1,0,21,5.6622,15.63464,0.9637,0
443,1.975,7,1,0,21,11.2238,10.47761,1.3434,0
32,2.656,1,0,0,35,29.8818,13.33317,0.978,1
8,1.799,1,0,0,35,29.8818,13.33317,0.978,0
693,2.605,104,0,1,21,26.4328,9.5462,1.1782,0
521,1.098,8,0,0,20,26.6234,6.76613,0.7977,1
759,6.769,105,1,1,24,6.91499999999999,26.64963,1.2643,1
385,3.24,5,0,0,23,10.7842,26.77057,1.9615,1
22,2.631,1,0,0,35,29.8818,13.33317,0.978,1
522,2.686,9,0,0,26,28.2996,11.28364,0.963,0
999,3.695,111,0,0,21,22.1436,15.59891,1.0653,1
472,2.769,7,1,0,21,11.2238,10.47761,1.3434,1
872,2.053,108,1,0,21,6.28619999999999,4.21053000000001,1.0678,1
2,3.311,1,0,0,35,29.8818,13.33317,0.978,0
432,1.317,6,0,0,19,19.8308,8.79128000000001,0.9088,1
57,16.271,10,1,0,22,25.475,21.56203,1.4604,0
477,2.244,7,1,0,21,11.2238,10.47761,1.3434,1
730,4.144,105,1,1,24,6.91499999999999,26.64963,1.2643,0
253,1.959,2,0,0,21,3.29719999999999,0,0.762,0
790,0.769,106,1,0,21,5.6622,15.63464,0.9637,1
826,1.697,107,0,0,31,9.7392,18.27776,0.9478,1
853,3.014,108,1,0,21,6.28619999999999,4.21053000000001,1.0678,0
544,3.909,9,0,0,26,28.2996,11.28364,0.963,1
750,2.312,105,1,1,24,6.91499999999999,26.64963,1.2643,1
183,1.484,13,0,0,21,2.55919999999999,9.16029000000001,1.0889,1
537,1.373,9,0,0,26,28.2996,11.28364,0.963,0
726,5.866,105,1,1,24,6.91499999999999,26.64963,1.2643,0
835,2.034,107,0,0,31,9.7392,18.27776,0.9478,1
799,2.035,106,1,0,21,5.6622,15.63464,0.9637,1
216,2.255,14,0,1,19,0,6.17871,1.7157,0
167,1.655,13,0,0,21,2.55919999999999,9.16029000000001,1.0889,0
218,1.825,14,0,1,19,0,6.17871,1.7157,0
760,10.422,105,1,1,24,6.91499999999999,26.64963,1.2643,1
175,1.235,13,0,0,21,2.55919999999999,9.16029000000001,1.0889,0
40,1.889,1,0,0,35,29.8818,13.33317,0.978,1
433,1.002,6,0,0,19,19.8308,8.79128000000001,0.9088,1
213,2.17,14,0,1,19,0,6.17871,1.7157,0
915,1.772,109,0,1,21,9.5668,19.40929,1.1155,1
139,3.236,12,1,0,28,3.634,5.99213999999999,0.9977,0
855,4.324,108,1,0,21,6.28619999999999,4.21053000000001,1.0678,0
619,5.21,102,1,0,26,32.616,21.84194,1.1167,0
810,1.155,107,0,0,31,9.7392,18.27776,0.9478,0
665,1.7,103,0,0,27,51.8788,40.34252,0.858,1
403,0.99,6,0,0,19,19.8308,8.79128000000001,0.9088,0
636,2.951,102,1,0,26,32.616,21.84194,1.1167,1
293,6.032,3,1,0,21,44.2434,22.26773,1.4218,0
663,1.643,103,0,0,27,51.8788,40.34252,0.858,1
555,2.864,9,0,0,26,28.2996,11.28364,0.963,1
237,2.32,14,0,1,19,0,6.17871,1.7157,1
262,1.112,2,0,0,21,3.29719999999999,0,0.762,1
260,2.78,2,0,0,21,3.29719999999999,0,0.762,0
538,1.903,9,0,0,26,28.2996,11.28364,0.963,0
714,2.137,104,0,1,21,26.4328,9.5462,1.1782,1
206,1.445,14,0,1,19,0,6.17871,1.7157,0
14,1.422,1,0,0,35,29.8818,13.33317,0.978,0
550,3.119,9,0,0,26,28.2996,11.28364,0.963,1
587,4.459,101,0,0,26,35.7606,36.33704,1.3995,1
217,2.096,14,0,1,19,0,6.17871,1.7157,0
313,6.569,3,1,0,21,44.2434,22.26773,1.4218,1
905,4.534,109,0,1,21,9.5668,19.40929,1.1155,1
914,3.482,109,0,1,21,9.5668,19.40929,1.1155,1
151,2.04,12,1,0,28,3.634,5.99213999999999,0.9977,1
511,1.013,8,0,0,20,26.6234,6.76613,0.7977,1
416,1.258,6,0,0,19,19.8308,8.79128000000001,0.9088,0
816,1.263,107,0,0,31,9.7392,18.27776,0.9478,0
3,1.334,1,0,0,35,29.8818,13.33317,0.978,0
59,7.432,10,1,0,22,25.475,21.56203,1.4604,0
397,5.441,5,0,0,23,10.7842,26.77057,1.9615,1
901,2.451,109,0,1,21,9.5668,19.40929,1.1155,0
781,16.19,106,1,0,21,5.6622,15.63464,0.9637,0
916,1.668,109,0,1,21,9.5668,19.40929,1.1155,1
390,3.116,5,0,0,23,10.7842,26.77057,1.9615,1
460,1.76,7,1,0,21,11.2238,10.47761,1.3434,0
273,2.049,2,0,0,21,3.29719999999999,0,0.762,1
653,1.461,103,0,0,27,51.8788,40.34252,0.858,0
451,1.57,7,1,0,21,11.2238,10.47761,1.3434,0
755,2.304,105,1,1,24,6.91499999999999,26.64963,1.2643,1
899,2.318,109,0,1,21,9.5668,19.40929,1.1155,0
345,2.032,4,0,0,22,7.39939999999999,16.13606,0.914181818181818,1
824,2.461,107,0,0,31,9.7392,18.27776,0.9478,1
948,1.811,110,0,0,20,16.0942,7.16335000000001,0.9572,1
797,1.855,106,1,0,21,5.6622,15.63464,0.9637,1
188,1.343,13,0,0,21,2.55919999999999,9.16029000000001,1.0889,1
252,2.592,2,0,0,21,3.29719999999999,0,0.762,0
426,1.092,6,0,0,19,19.8308,8.79128000000001,0.9088,1
954,1.578,110,0,0,20,16.0942,7.16335000000001,0.9572,1
166,2.645,13,0,0,21,2.55919999999999,9.16029000000001,1.0889,0
478,1.875,7,1,0,21,11.2238,10.47761,1.3434,1
586,3.523,101,0,0,26,35.7606,36.33704,1.3995,1
680,1.433,103,0,0,27,51.8788,40.34252,0.858,1
304,4.937,3,1,0,21,44.2434,22.26773,1.4218,1
876,1.91,108,1,0,21,6.28619999999999,4.21053000000001,1.0678,1
879,1.921,108,1,0,21,6.28619999999999,4.21053000000001,1.0678,1
818,3.401,107,0,0,31,9.7392,18.27776,0.9478,0
973,2.04,111,0,0,21,22.1436,15.59891,1.0653,0
860,2.047,108,1,0,21,6.28619999999999,4.21053000000001,1.0678,0
154,2.672,12,1,0,28,3.634,5.99213999999999,0.9977,1
829,3.126,107,0,0,31,9.7392,18.27776,0.9478,1
632,2.894,102,1,0,26,32.616,21.84194,1.1167,1
319,7.071,3,1,0,21,44.2434,22.26773,1.4218,1
227,1.287,14,0,1,19,0,6.17871,1.7157,1
594,6.057,101,0,0,26,35.7606,36.33704,1.3995,1
774,5.119,106,1,0,21,5.6622,15.63464,0.9637,0
286,7.945,3,1,0,21,44.2434,22.26773,1.4218,0
605,2.964,102,1,0,26,32.616,21.84194,1.1167,0
284,5.216,3,1,0,21,44.2434,22.26773,1.4218,0
745,2.609,105,1,1,24,6.91499999999999,26.64963,1.2643,1
359,1.685,4,0,0,22,7.39939999999999,16.13606,0.914181818181818,1
48,8.341,10,1,0,22,25.475,21.56203,1.4604,0
439,1.176,6,0,0,19,19.8308,8.79128000000001,0.9088,1
734,2.629,105,1,1,24,6.91499999999999,26.64963,1.2643,0
429,1.358,6,0,0,19,19.8308,8.79128000000001,0.9088,1
89,2.109,11,0,0,23,6.39999999999999,13.71523,1.0412,0
18,2.263,1,0,0,35,29.8818,13.33317,0.978,0
618,3.228,102,1,0,26,32.616,21.84194,1.1167,0
97,2.848,11,0,0,23,6.39999999999999,13.71523,1.0412,0
848,5.296,108,1,0,21,6.28619999999999,4.21053000000001,1.0678,0
720,1.162,104,0,1,21,26.4328,9.5462,1.1782,1
375,5.112,5,0,0,23,10.7842,26.77057,1.9615,0
496,1.285,8,0,0,20,26.6234,6.76613,0.7977,0
564,2.636,101,0,0,26,35.7606,36.33704,1.3995,0
316,2.991,3,1,0,21,44.2434,22.26773,1.4218,1
165,1.909,13,0,0,21,2.55919999999999,9.16029000000001,1.0889,0
380,5.306,5,0,0,23,10.7842,26.77057,1.9615,0
4,2.698,1,0,0,35,29.8818,13.33317,0.978,0
678,1.307,103,0,0,27,51.8788,40.34252,0.858,1
898,1.438,109,0,1,21,9.5668,19.40929,1.1155,0
946,2.429,110,0,0,20,16.0942,7.16335000000001,0.9572,1
562,3.666,101,0,0,26,35.7606,36.33704,1.3995,0
181,1.011,13,0,0,21,2.55919999999999,9.16029000000001,1.0889,1
882,2.025,108,1,0,21,6.28619999999999,4.21053000000001,1.0678,1
408,1.636,6,0,0,19,19.8308,8.79128000000001,0.9088,0
93,1.739,11,0,0,23,6.39999999999999,13.71523,1.0412,0
532,2.739,9,0,0,26,28.2996,11.28364,0.963,0
386,2.291,5,0,0,23,10.7842,26.77057,1.9615,1
487,1.293,8,0,0,20,26.6234,6.76613,0.7977,0
560,1.018,9,0,0,26,28.2996,11.28364,0.963,1
944,1.357,110,0,0,20,16.0942,7.16335000000001,0.9572,1
866,1.296,108,1,0,21,6.28619999999999,4.21053000000001,1.0678,1
773,4.888,106,1,0,21,5.6622,15.63464,0.9637,0
117,1.995,11,0,0,23,6.39999999999999,13.71523,1.0412,1
583,6.557,101,0,0,26,35.7606,36.33704,1.3995,1
723,0,105,1,1,24,6.91499999999999,26.64963,1.2643,0
52,3.598,10,1,0,22,25.475,21.56203,1.4604,0
547,1.834,9,0,0,26,28.2996,11.28364,0.963,1
370,4.857,5,0,0,23,10.7842,26.77057,1.9615,0
616,6.505,102,1,0,26,32.616,21.84194,1.1167,0
49,25.646,10,1,0,22,25.475,21.56203,1.4604,0
567,2.856,101,0,0,26,35.7606,36.33704,1.3995,0
748,1.787,105,1,1,24,6.91499999999999,26.64963,1.2643,1
955,2.163,110,0,0,20,16.0942,7.16335000000001,0.9572,1
722,1.875,104,0,1,21,26.4328,9.5462,1.1782,1
465,2.336,7,1,0,21,11.2238,10.47761,1.3434,1
945,1.922,110,0,0,20,16.0942,7.16335000000001,0.9572,1
666,2.562,103,0,0,27,51.8788,40.34252,0.858,1
909,1.545,109,0,1,21,9.5668,19.40929,1.1155,1
427,1.235,6,0,0,19,19.8308,8.79128000000001,0.9088,1
699,1.798,104,0,1,21,26.4328,9.5462,1.1782,0
172,4.488,13,0,0,21,2.55919999999999,9.16029000000001,1.0889,0
803,1.905,106,1,0,21,5.6622,15.63464,0.9637,1
506,0.974,8,0,0,20,26.6234,6.76613,0.7977,1
871,1.312,108,1,0,21,6.28619999999999,4.21053000000001,1.0678,1
828,1.912,107,0,0,31,9.7392,18.27776,0.9478,1
459,2.288,7,1,0,21,11.2238,10.47761,1.3434,0
228,2.181,14,0,1,19,0,6.17871,1.7157,1
929,1.915,110,0,0,20,16.0942,7.16335000000001,0.9572,0
980,1.625,111,0,0,21,22.1436,15.59891,1.0653,0
563,2.577,101,0,0,26,35.7606,36.33704,1.3995,0
676,1.801,103,0,0,27,51.8788,40.34252,0.858,1
47,5.205,10,1,0,22,25.475,21.56203,1.4604,0
525,1.278,9,0,0,26,28.2996,11.28364,0.963,0
135,2.372,12,1,0,28,3.634,5.99213999999999,0.9977,0
883,1.905,108,1,0,21,6.28619999999999,4.21053000000001,1.0678,1
913,2.968,109,0,1,21,9.5668,19.40929,1.1155,1
825,2.063,107,0,0,31,9.7392,18.27776,0.9478,1
134,2.833,12,1,0,28,3.634,5.99213999999999,0.9977,0
182,1.277,13,0,0,21,2.55919999999999,9.16029000000001,1.0889,1
849,2.304,108,1,0,21,6.28619999999999,4.21053000000001,1.0678,0
695,2.144,104,0,1,21,26.4328,9.5462,1.1782,0
970,2.672,111,0,0,21,22.1436,15.59891,1.0653,0
108,1.65,11,0,0,23,6.39999999999999,13.71523,1.0412,1
841,2.322,107,0,0,31,9.7392,18.27776,0.9478,1
679,1.124,103,0,0,27,51.8788,40.34252,0.858,1
623,2.82,102,1,0,26,32.616,21.84194,1.1167,1
177,2.154,13,0,0,21,2.55919999999999,9.16029000000001,1.0889,0
383,4.453,5,0,0,23,10.7842,26.77057,1.9615,1
870,1.211,108,1,0,21,6.28619999999999,4.21053000000001,1.0678,1
552,2.477,9,0,0,26,28.2996,11.28364,0.963,1
715,1.598,104,0,1,21,26.4328,9.5462,1.1782,1
297,8.381,3,1,0,21,44.2434,22.26773,1.4218,0
371,1.794,5,0,0,23,10.7842,26.77057,1.9615,0
756,2.066,105,1,1,24,6.91499999999999,26.64963,1.2643,1
677,1.246,103,0,0,27,51.8788,40.34252,0.858,1
321,4.1,4,0,0,22,7.39939999999999,16.13606,0.914181818181818,0
66,2.306,10,1,0,22,25.475,21.56203,1.4604,1
736,1.589,105,1,1,24,6.91499999999999,26.64963,1.2643,0
499,1.312,8,0,0,20,26.6234,6.76613,0.7977,0
454,1.644,7,1,0,21,11.2238,10.47761,1.3434,0
79,2.091,10,1,0,22,25.475,21.56203,1.4604,1
974,1.997,111,0,0,21,22.1436,15.59891,1.0653,0
90,2.651,11,0,0,23,6.39999999999999,13.71523,1.0412,0
733,4.677,105,1,1,24,6.91499999999999,26.64963,1.2643,0
250,2.025,2,0,0,21,3.29719999999999,0,0.762,0
399,3.072,5,0,0,23,10.7842,26.77057,1.9615,1
142,6.898,12,1,0,28,3.634,5.99213999999999,0.9977,1
953,1.88,110,0,0,20,16.0942,7.16335000000001,0.9572,1
60,19.443,10,1,0,22,25.475,21.56203,1.4604,0
198,2.017,13,0,0,21,2.55919999999999,9.16029000000001,1.0889,1
510,0.959,8,0,0,20,26.6234,6.76613,0.7977,1
54,5.315,10,1,0,22,25.475,21.56203,1.4604,0
809,1.683,107,0,0,31,9.7392,18.27776,0.9478,0
889,3.384,109,0,1,21,9.5668,19.40929,1.1155,0
802,1.647,106,1,0,21,5.6622,15.63464,0.9637,1
997,2.431,111,0,0,21,22.1436,15.59891,1.0653,1
64,1.959,10,1,0,22,25.475,21.56203,1.4604,1
169,1.672,13,0,0,21,2.55919999999999,9.16029000000001,1.0889,0
302,7.206,3,1,0,21,44.2434,22.26773,1.4218,1
728,2.111,105,1,1,24,6.91499999999999,26.64963,1.2643,0
91,1.119,11,0,0,23,6.39999999999999,13.71523,1.0412,0
346,1.772,4,0,0,22,7.39939999999999,16.13606,0.914181818181818,1
466,2.16,7,1,0,21,11.2238,10.47761,1.3434,1
641,3.704,102,1,0,26,32.616,21.84194,1.1167,1
630,3.341,102,1,0,26,32.616,21.84194,1.1167,1
908,2.772,109,0,1,21,9.5668,19.40929,1.1155,1
492,1.104,8,0,0,20,26.6234,6.76613,0.7977,0
374,5.638,5,0,0,23,10.7842,26.77057,1.9615,0
69,3.517,10,1,0,22,25.475,21.56203,1.4604,1
669,1.559,103,0,0,27,51.8788,40.34252,0.858,1
865,1.41,108,1,0,21,6.28619999999999,4.21053000000001,1.0678,1
201,7.005,14,0,1,19,0,6.17871,1.7157,0
711,1.463,104,0,1,21,26.4328,9.5462,1.1782,1
592,3.667,101,0,0,26,35.7606,36.33704,1.3995,1
918,2.369,109,0,1,21,9.5668,19.40929,1.1155,1
265,1.666,2,0,0,21,3.29719999999999,0,0.762,1
266,2.111,2,0,0,21,3.29719999999999,0,0.762,1
437,1.162,6,0,0,19,19.8308,8.79128000000001,0.9088,1
462,3.067,7,1,0,21,11.2238,10.47761,1.3434,1
348,1.528,4,0,0,22,7.39939999999999,16.13606,0.914181818181818,1
811,3.209,107,0,0,31,9.7392,18.27776,0.9478,0
577,3.729,101,0,0,26,35.7606,36.33704,1.3995,0
758,4.708,105,1,1,24,6.91499999999999,26.64963,1.2643,1
833,1.293,107,0,0,31,9.7392,18.27776,0.9478,1
243,1.835,2,0,0,21,3.29719999999999,0,0.762,0
138,2.276,12,1,0,28,3.634,5.99213999999999,0.9977,0
961,1.772,110,0,0,20,16.0942,7.16335000000001,0.9572,1
311,11.902,3,1,0,21,44.2434,22.26773,1.4218,1
116,2.158,11,0,0,23,6.39999999999999,13.71523,1.0412,1
195,1.162,13,0,0,21,2.55919999999999,9.16029000000001,1.0889,1
324,2.44,4,0,0,22,7.39939999999999,16.13606,0.914181818181818,0
768,5.41,106,1,0,21,5.6622,15.63464,0.9637,0
566,5.044,101,0,0,26,35.7606,36.33704,1.3995,0
947,1.575,110,0,0,20,16.0942,7.16335000000001,0.9572,1
410,2.198,6,0,0,19,19.8308,8.79128000000001,0.9088,0
595,5.27,101,0,0,26,35.7606,36.33704,1.3995,1
276,1.675,2,0,0,21,3.29719999999999,0,0.762,1
405,2.297,6,0,0,19,19.8308,8.79128000000001,0.9088,0
731,2.099,105,1,1,24,6.91499999999999,26.64963,1.2643,0
207,3.14,14,0,1,19,0,6.17871,1.7157,0
308,3.468,3,1,0,21,44.2434,22.26773,1.4218,1
978,2.537,111,0,0,21,22.1436,15.59891,1.0653,0
347,2.277,4,0,0,22,7.39939999999999,16.13606,0.914181818181818,1
556,2.271,9,0,0,26,28.2996,11.28364,0.963,1
223,2.211,14,0,1,19,0,6.17871,1.7157,1
493,1.439,8,0,0,20,26.6234,6.76613,0.7977,0
241,1.591,2,0,0,21,3.29719999999999,0,0.762,0
966,2.54,111,0,0,21,22.1436,15.59891,1.0653,0
742,4.176,105,1,1,24,6.91499999999999,26.64963,1.2643,0
769,2.936,106,1,0,21,5.6622,15.63464,0.9637,0
885,2.736,109,0,1,21,9.5668,19.40929,1.1155,0
263,1.082,2,0,0,21,3.29719999999999,0,0.762,1
186,1.278,13,0,0,21,2.55919999999999,9.16029000000001,1.0889,1
136,3.229,12,1,0,28,3.634,5.99213999999999,0.9977,0
42,13.888,10,1,0,22,25.475,21.56203,1.4604,0
331,3.718,4,0,0,22,7.39939999999999,16.13606,0.914181818181818,0
935,2.363,110,0,0,20,16.0942,7.16335000000001,0.9572,0
448,1.055,7,1,0,21,11.2238,10.47761,1.3434,0
449,1.342,7,1,0,21,11.2238,10.47761,1.3434,0
31,2.13,1,0,0,35,29.8818,13.33317,0.978,1
539,2.197,9,0,0,26,28.2996,11.28364,0.963,0
923,1.501,109,0,1,21,9.5668,19.40929,1.1155,1
629,3.146,102,1,0,26,32.616,21.84194,1.1167,1
674,1.873,103,0,0,27,51.8788,40.34252,0.858,1
981,3.478,111,0,0,21,22.1436,15.59891,1.0653,0
983,2.973,111,0,0,21,22.1436,15.59891,1.0653,0
967,1.717,111,0,0,21,22.1436,15.59891,1.0653,0
222,3.228,14,0,1,19,0,6.17871,1.7157,1
993,2.554,111,0,0,21,22.1436,15.59891,1.0653,1
1003,2.619,111,0,0,21,22.1436,15.59891,1.0653,1
591,2.447,101,0,0,26,35.7606,36.33704,1.3995,1
192,2.081,13,0,0,21,2.55919999999999,9.16029000000001,1.0889,1
196,0.937,13,0,0,21,2.55919999999999,9.16029000000001,1.0889,1
82,2.371,11,0,0,23,6.39999999999999,13.71523,1.0412,0
719,1.446,104,0,1,21,26.4328,9.5462,1.1782,1
312,7.614,3,1,0,21,44.2434,22.26773,1.4218,1
354,1.442,4,0,0,22,7.39939999999999,16.13606,0.914181818181818,1
394,3.216,5,0,0,23,10.7842,26.77057,1.9615,1
77,3.345,10,1,0,22,25.475,21.56203,1.4604,1
933,3.139,110,0,0,20,16.0942,7.16335000000001,0.9572,0
530,2.717,9,0,0,26,28.2996,11.28364,0.963,0
470,2.448,7,1,0,21,11.2238,10.47761,1.3434,1
549,1.377,9,0,0,26,28.2996,11.28364,0.963,1
502,0.71,8,0,0,20,26.6234,6.76613,0.7977,1
634,2.019,102,1,0,26,32.616,21.84194,1.1167,1
626,3.518,102,1,0,26,32.616,21.84194,1.1167,1
53,6.283,10,1,0,22,25.475,21.56203,1.4604,0
943,1.706,110,0,0,20,16.0942,7.16335000000001,0.9572,0
527,3.183,9,0,0,26,28.2996,11.28364,0.963,0
490,1.083,8,0,0,20,26.6234,6.76613,0.7977,0
475,2.114,7,1,0,21,11.2238,10.47761,1.3434,1
328,3.232,4,0,0,22,7.39939999999999,16.13606,0.914181818181818,0
179,1.648,13,0,0,21,2.55919999999999,9.16029000000001,1.0889,0
847,2.823,108,1,0,21,6.28619999999999,4.21053000000001,1.0678,0
153,1.598,12,1,0,28,3.634,5.99213999999999,0.9977,1
551,2.411,9,0,0,26,28.2996,11.28364,0.963,1
481,1.718,7,1,0,21,11.2238,10.47761,1.3434,1
878,1.302,108,1,0,21,6.28619999999999,4.21053000000001,1.0678,1
990,2.344,111,0,0,21,22.1436,15.59891,1.0653,1
281,6.299,3,1,0,21,44.2434,22.26773,1.4218,0
318,2.786,3,1,0,21,44.2434,22.26773,1.4218,1
716,1.528,104,0,1,21,26.4328,9.5462,1.1782,1
120,2.032,11,0,0,23,6.39999999999999,13.71523,1.0412,1
338,3.316,4,0,0,22,7.39939999999999,16.13606,0.914181818181818,0
452,1.781,7,1,0,21,11.2238,10.47761,1.3434,0
367,2.462,5,0,0,23,10.7842,26.77057,1.9615,0
126,3.093,12,1,0,28,3.634,5.99213999999999,0.9977,0
67,2.034,10,1,0,22,25.475,21.56203,1.4604,1
190,1.707,13,0,0,21,2.55919999999999,9.16029000000001,1.0889,1
987,2.008,111,0,0,21,22.1436,15.59891,1.0653,1
805,2.615,107,0,0,31,9.7392,18.27776,0.9478,0
334,2.139,4,0,0,22,7.39939999999999,16.13606,0.914181818181818,0
814,2.739,107,0,0,31,9.7392,18.27776,0.9478,0
194,1.944,13,0,0,21,2.55919999999999,9.16029000000001,1.0889,1
28,2.172,1,0,0,35,29.8818,13.33317,0.978,1
930,3.215,110,0,0,20,16.0942,7.16335000000001,0.9572,0
430,1.142,6,0,0,19,19.8308,8.79128000000001,0.9088,1
656,2.383,103,0,0,27,51.8788,40.34252,0.858,0
160,2.603,12,1,0,28,3.634,5.99213999999999,0.9977,1
180,1.683,13,0,0,21,2.55919999999999,9.16029000000001,1.0889,0
236,3.928,14,0,1,19,0,6.17871,1.7157,1
541,2.494,9,0,0,26,28.2996,11.28364,0.963,0
71,2.725,10,1,0,22,25.475,21.56203,1.4604,1
65,6.707,10,1,0,22,25.475,21.56203,1.4604,1
468,2.598,7,1,0,21,11.2238,10.47761,1.3434,1
68,2.629,10,1,0,22,25.475,21.56203,1.4604,1
700,1.371,104,0,1,21,26.4328,9.5462,1.1782,0
611,2.984,102,1,0,26,32.616,21.84194,1.1167,0
822,3.081,107,0,0,31,9.7392,18.27776,0.9478,0
92,2.904,11,0,0,23,6.39999999999999,13.71523,1.0412,0
740,2.358,105,1,1,24,6.91499999999999,26.64963,1.2643,0
159,1.936,12,1,0,28,3.634,5.99213999999999,0.9977,1
646,2.047,103,0,0,27,51.8788,40.34252,0.858,0
384,2.493,5,0,0,23,10.7842,26.77057,1.9615,1
20,2.927,1,0,0,35,29.8818,13.33317,0.978,0
361,4.572,5,0,0,23,10.7842,26.77057,1.9615,0
329,3.528,4,0,0,22,7.39939999999999,16.13606,0.914181818181818,0
94,3.684,11,0,0,23,6.39999999999999,13.71523,1.0412,0
949,1.509,110,0,0,20,16.0942,7.16335000000001,0.9572,1
732,3.911,105,1,1,24,6.91499999999999,26.64963,1.2643,0
735,1.995,105,1,1,24,6.91499999999999,26.64963,1.2643,0
163,1.687,13,0,0,21,2.55919999999999,9.16029000000001,1.0889,0
211,2.121,14,0,1,19,0,6.17871,1.7157,0
215,3.176,14,0,1,19,0,6.17871,1.7157,0
995,1.51,111,0,0,21,22.1436,15.59891,1.0653,1
787,2.035,106,1,0,21,5.6622,15.63464,0.9637,1
927,2.363,110,0,0,20,16.0942,7.16335000000001,0.9572,0
41,15.434,10,1,0,22,25.475,21.56203,1.4604,0
103,2.223,11,0,0,23,6.39999999999999,13.71523,1.0412,1
23,2.546,1,0,0,35,29.8818,13.33317,0.978,1
535,1.714,9,0,0,26,28.2996,11.28364,0.963,0
152,2.072,12,1,0,28,3.634,5.99213999999999,0.9977,1
614,7.411,102,1,0,26,32.616,21.84194,1.1167,0
622,0,102,1,0,26,32.616,21.84194,1.1167,1
200,1.722,13,0,0,21,2.55919999999999,9.16029000000001,1.0889,1
88,2.18,11,0,0,23,6.39999999999999,13.71523,1.0412,0
197,1.781,13,0,0,21,2.55919999999999,9.16029000000001,1.0889,1
992,1.756,111,0,0,21,22.1436,15.59891,1.0653,1
362,3.309,5,0,0,23,10.7842,26.77057,1.9615,0
893,2.498,109,0,1,21,9.5668,19.40929,1.1155,0
840,2.343,107,0,0,31,9.7392,18.27776,0.9478,1
29,2.719,1,0,0,35,29.8818,13.33317,0.978,1
425,0.874,6,0,0,19,19.8308,8.79128000000001,0.9088,1
74,6.623,10,1,0,22,25.475,21.56203,1.4604,1
896,2.045,109,0,1,21,9.5668,19.40929,1.1155,0
952,1.725,110,0,0,20,16.0942,7.16335000000001,0.9572,1
287,4.49,3,1,0,21,44.2434,22.26773,1.4218,0
129,3.646,12,1,0,28,3.634,5.99213999999999,0.9977,0
337,3.16,4,0,0,22,7.39939999999999,16.13606,0.914181818181818,0
691,2.457,104,0,1,21,26.4328,9.5462,1.1782,0
419,1.329,6,0,0,19,19.8308,8.79128000000001,0.9088,0
50,4.059,10,1,0,22,25.475,21.56203,1.4604,0
310,2.726,3,1,0,21,44.2434,22.26773,1.4218,1
652,2.827,103,0,0,27,51.8788,40.34252,0.858,0
301,2.993,3,1,0,21,44.2434,22.26773,1.4218,1
1,3.676,1,0,0,35,29.8818,13.33317,0.978,0
143,2.095,12,1,0,28,3.634,5.99213999999999,0.9977,1
597,2.768,101,0,0,26,35.7606,36.33704,1.3995,1
364,6.976,5,0,0,23,10.7842,26.77057,1.9615,0
843,2.053,107,0,0,31,9.7392,18.27776,0.9478,1
937,2.148,110,0,0,20,16.0942,7.16335000000001,0.9572,0
939,1.687,110,0,0,20,16.0942,7.16335000000001,0.9572,0
644,1.681,103,0,0,27,51.8788,40.34252,0.858,0
526,2.465,9,0,0,26,28.2996,11.28364,0.963,0
191,1.342,13,0,0,21,2.55919999999999,9.16029000000001,1.0889,1
516,0.952,8,0,0,20,26.6234,6.76613,0.7977,1
482,1.439,8,0,0,20,26.6234,6.76613,0.7977,0
357,4.465,4,0,0,22,7.39939999999999,16.13606,0.914181818181818,1
457,4.83,7,1,0,21,11.2238,10.47761,1.3434,0
341,2.51,4,0,0,22,7.39939999999999,16.13606,0.914181818181818,1
868,2.133,108,1,0,21,6.28619999999999,4.21053000000001,1.0678,1
391,6.061,5,0,0,23,10.7842,26.77057,1.9615,1
378,3.29,5,0,0,23,10.7842,26.77057,1.9615,0
606,2.463,102,1,0,26,32.616,21.84194,1.1167,0
994,1.786,111,0,0,21,22.1436,15.59891,1.0653,1
554,1.604,9,0,0,26,28.2996,11.28364,0.963,1
854,2.584,108,1,0,21,6.28619999999999,4.21053000000001,1.0678,0
936,2.237,110,0,0,20,16.0942,7.16335000000001,0.9572,0
615,6.679,102,1,0,26,32.616,21.84194,1.1167,0
600,4.022,101,0,0,26,35.7606,36.33704,1.3995,1
231,1.98,14,0,1,19,0,6.17871,1.7157,1
942,3.104,110,0,0,20,16.0942,7.16335000000001,0.9572,0
414,1.564,6,0,0,19,19.8308,8.79128000000001,0.9088,0
585,6.16,101,0,0,26,35.7606,36.33704,1.3995,1
7,3.779,1,0,0,35,29.8818,13.33317,0.978,0
149,1.577,12,1,0,28,3.634,5.99213999999999,0.9977,1
480,3.451,7,1,0,21,11.2238,10.47761,1.3434,1
620,3.391,102,1,0,26,32.616,21.84194,1.1167,0
575,4.389,101,0,0,26,35.7606,36.33704,1.3995,0
13,2.177,1,0,0,35,29.8818,13.33317,0.978,0
161,2.021,13,0,0,21,2.55919999999999,9.16029000000001,1.0889,0
911,3.386,109,0,1,21,9.5668,19.40929,1.1155,1
444,1.987,7,1,0,21,11.2238,10.47761,1.3434,0
621,3.857,102,1,0,26,32.616,21.84194,1.1167,0
903,2.475,109,0,1,21,9.5668,19.40929,1.1155,0
958,1.874,110,0,0,20,16.0942,7.16335000000001,0.9572,1
507,1.057,8,0,0,20,26.6234,6.76613,0.7977,1
112,1.947,11,0,0,23,6.39999999999999,13.71523,1.0412,1
261,1.009,2,0,0,21,3.29719999999999,0,0.762,1
322,1.353,4,0,0,22,7.39939999999999,16.13606,0.914181818181818,0
922,2.133,109,0,1,21,9.5668,19.40929,1.1155,1
884,2.134,109,0,1,21,9.5668,19.40929,1.1155,0
442,1.612,7,1,0,21,11.2238,10.47761,1.3434,0
703,2.774,104,0,1,21,26.4328,9.5462,1.1782,1
438,1.281,6,0,0,19,19.8308,8.79128000000001,0.9088,1
633,5.116,102,1,0,26,32.616,21.84194,1.1167,1
739,2.527,105,1,1,24,6.91499999999999,26.64963,1.2643,0
667,1.513,103,0,0,27,51.8788,40.34252,0.858,1
441,1.162,6,0,0,19,19.8308,8.79128000000001,0.9088,1
713,2.241,104,0,1,21,26.4328,9.5462,1.1782,1
333,4.215,4,0,0,22,7.39939999999999,16.13606,0.914181818181818,0
509,0.755,8,0,0,20,26.6234,6.76613,0.7977,1
114,2.494,11,0,0,23,6.39999999999999,13.71523,1.0412,1
971,1.642,111,0,0,21,22.1436,15.59891,1.0653,0
173,2.305,13,0,0,21,2.55919999999999,9.16029000000001,1.0889,0
789,1.342,106,1,0,21,5.6622,15.63464,0.9637,1
779,2.055,106,1,0,21,5.6622,15.63464,0.9637,0
34,1.689,1,0,0,35,29.8818,13.33317,0.978,1
317,2.305,3,1,0,21,44.2434,22.26773,1.4218,1
365,4.473,5,0,0,23,10.7842,26.77057,1.9615,0
401,2.667,6,0,0,19,19.8308,8.79128000000001,0.9088,0
704,2,104,0,1,21,26.4328,9.5462,1.1782,1
729,5.518,105,1,1,24,6.91499999999999,26.64963,1.2643,0
56,2.31,10,1,0,22,25.475,21.56203,1.4604,0
746,3.826,105,1,1,24,6.91499999999999,26.64963,1.2643,1
702,5.592,104,0,1,21,26.4328,9.5462,1.1782,0
294,3.453,3,1,0,21,44.2434,22.26773,1.4218,0
72,2.358,10,1,0,22,25.475,21.56203,1.4604,1
363,3.09,5,0,0,23,10.7842,26.77057,1.9615,0
210,3.699,14,0,1,19,0,6.17871,1.7157,0
607,7.19,102,1,0,26,32.616,21.84194,1.1167,0
30,1.974,1,0,0,35,29.8818,13.33317,0.978,1
777,2.307,106,1,0,21,5.6622,15.63464,0.9637,0
413,1.327,6,0,0,19,19.8308,8.79128000000001,0.9088,0
593,5.872,101,0,0,26,35.7606,36.33704,1.3995,1
761,3.039,105,1,1,24,6.91499999999999,26.64963,1.2643,1
887,1.129,109,0,1,21,9.5668,19.40929,1.1155,0
886,1.157,109,0,1,21,9.5668,19.40929,1.1155,0
389,5.414,5,0,0,23,10.7842,26.77057,1.9615,1
982,2.02,111,0,0,21,22.1436,15.59891,1.0653,0
244,1.496,2,0,0,21,3.29719999999999,0,0.762,0
118,2.43,11,0,0,23,6.39999999999999,13.71523,1.0412,1
158,2.277,12,1,0,28,3.634,5.99213999999999,0.9977,1
963,1.861,110,0,0,20,16.0942,7.16335000000001,0.9572,1
724,2.245,105,1,1,24,6.91499999999999,26.64963,1.2643,0
225,1.643,14,0,1,19,0,6.17871,1.7157,1
812,1.92,107,0,0,31,9.7392,18.27776,0.9478,0
156,1.923,12,1,0,28,3.634,5.99213999999999,0.9977,1
673,2.231,103,0,0,27,51.8788,40.34252,0.858,1
360,1.715,4,0,0,22,7.39939999999999,16.13606,0.914181818181818,1
786,1.628,106,1,0,21,5.6622,15.63464,0.9637,1
660,1.729,103,0,0,27,51.8788,40.34252,0.858,0
377,5.418,5,0,0,23,10.7842,26.77057,1.9615,0
565,9.306,101,0,0,26,35.7606,36.33704,1.3995,0
598,3.621,101,0,0,26,35.7606,36.33704,1.3995,1
486,1.608,8,0,0,20,26.6234,6.76613,0.7977,0
747,2.302,105,1,1,24,6.91499999999999,26.64963,1.2643,1
238,3.082,14,0,1,19,0,6.17871,1.7157,1
852,4.806,108,1,0,21,6.28619999999999,4.21053000000001,1.0678,0
335,3.417,4,0,0,22,7.39939999999999,16.13606,0.914181818181818,0
533,2.544,9,0,0,26,28.2996,11.28364,0.963,0
907,2.817,109,0,1,21,9.5668,19.40929,1.1155,1
292,2.397,3,1,0,21,44.2434,22.26773,1.4218,0
579,5.456,101,0,0,26,35.7606,36.33704,1.3995,0
743,4.683,105,1,1,24,6.91499999999999,26.64963,1.2643,0
518,0.965,8,0,0,20,26.6234,6.76613,0.7977,1
625,5.376,102,1,0,26,32.616,21.84194,1.1167,1
684,6.533,104,0,1,21,26.4328,9.5462,1.1782,0
39,2.946,1,0,0,35,29.8818,13.33317,0.978,1
16,2.29,1,0,0,35,29.8818,13.33317,0.978,0
875,1.596,108,1,0,21,6.28619999999999,4.21053000000001,1.0678,1
701,2.361,104,0,1,21,26.4328,9.5462,1.1782,0
906,4.686,109,0,1,21,9.5668,19.40929,1.1155,1
817,1.891,107,0,0,31,9.7392,18.27776,0.9478,0
962,1.701,110,0,0,20,16.0942,7.16335000000001,0.9572,1
793,2.003,106,1,0,21,5.6622,15.63464,0.9637,1
798,1.51,106,1,0,21,5.6622,15.63464,0.9637,1
661,2.828,103,0,0,27,51.8788,40.34252,0.858,0
845,2.576,108,1,0,21,6.28619999999999,4.21053000000001,1.0678,0
104,3.86,11,0,0,23,6.39999999999999,13.71523,1.0412,1
543,3.094,9,0,0,26,28.2996,11.28364,0.963,1
132,2.417,12,1,0,28,3.634,5.99213999999999,0.9977,0
778,2.896,106,1,0,21,5.6622,15.63464,0.9637,0
553,2.785,9,0,0,26,28.2996,11.28364,0.963,1
73,3.109,10,1,0,22,25.475,21.56203,1.4604,1
275,2.342,2,0,0,21,3.29719999999999,0,0.762,1
659,2.238,103,0,0,27,51.8788,40.34252,0.858,0
771,4.943,106,1,0,21,5.6622,15.63464,0.9637,0
202,6.208,14,0,1,19,0,6.17871,1.7157,0
764,2.808,106,1,0,21,5.6622,15.63464,0.9637,0
146,3.036,12,1,0,28,3.634,5.99213999999999,0.9977,1
821,2.04,107,0,0,31,9.7392,18.27776,0.9478,0
737,2.585,105,1,1,24,6.91499999999999,26.64963,1.2643,0
27,3.378,1,0,0,35,29.8818,13.33317,0.978,1
11,3.045,1,0,0,35,29.8818,13.33317,0.978,0
862,1.698,108,1,0,21,6.28619999999999,4.21053000000001,1.0678,0
792,1.59,106,1,0,21,5.6622,15.63464,0.9637,1
9,1.622,1,0,0,35,29.8818,13.33317,0.978,0
24,3.448,1,0,0,35,29.8818,13.33317,0.978,1
712,2.055,104,0,1,21,26.4328,9.5462,1.1782,1
839,2.231,107,0,0,31,9.7392,18.27776,0.9478,1
415,1.851,6,0,0,19,19.8308,8.79128000000001,0.9088,0
63,3.509,10,1,0,22,25.475,21.56203,1.4604,1
55,5.807,10,1,0,22,25.475,21.56203,1.4604,0
155,2.623,12,1,0,28,3.634,5.99213999999999,0.9977,1
857,6.006,108,1,0,21,6.28619999999999,4.21053000000001,1.0678,0
671,1.898,103,0,0,27,51.8788,40.34252,0.858,1
888,2.241,109,0,1,21,9.5668,19.40929,1.1155,0
428,1.602,6,0,0,19,19.8308,8.79128000000001,0.9088,1
610,6.923,102,1,0,26,32.616,21.84194,1.1167,0
102,2.599,11,0,0,23,6.39999999999999,13.71523,1.0412,1
682,2.402,103,0,0,27,51.8788,40.34252,0.858,1
765,1.312,106,1,0,21,5.6622,15.63464,0.9637,0
859,2.331,108,1,0,21,6.28619999999999,4.21053000000001,1.0678,0
256,1.455,2,0,0,21,3.29719999999999,0,0.762,0
245,1.699,2,0,0,21,3.29719999999999,0,0.762,0
96,3.61,11,0,0,23,6.39999999999999,13.71523,1.0412,0
501,1.432,8,0,0,20,26.6234,6.76613,0.7977,0
148,2.768,12,1,0,28,3.634,5.99213999999999,0.9977,1
307,12.163,3,1,0,21,44.2434,22.26773,1.4218,1
436,1.231,6,0,0,19,19.8308,8.79128000000001,0.9088,1
141,2.164,12,1,0,28,3.634,5.99213999999999,0.9977,1
396,4.582,5,0,0,23,10.7842,26.77057,1.9615,1
517,1.099,8,0,0,20,26.6234,6.76613,0.7977,1
617,3.037,102,1,0,26,32.616,21.84194,1.1167,0
642,2.956,102,1,0,26,32.616,21.84194,1.1167,1
698,2.494,104,0,1,21,26.4328,9.5462,1.1782,0
775,6.901,106,1,0,21,5.6622,15.63464,0.9637,0
808,1.727,107,0,0,31,9.7392,18.27776,0.9478,0
336,4.909,4,0,0,22,7.39939999999999,16.13606,0.914181818181818,0
62,2.522,10,1,0,22,25.475,21.56203,1.4604,1
985,1.837,111,0,0,21,22.1436,15.59891,1.0653,1
938,2.025,110,0,0,20,16.0942,7.16335000000001,0.9572,0
749,1.702,105,1,1,24,6.91499999999999,26.64963,1.2643,1
650,1.429,103,0,0,27,51.8788,40.34252,0.858,0
366,3.678,5,0,0,23,10.7842,26.77057,1.9615,0
382,6.206,5,0,0,23,10.7842,26.77057,1.9615,1
850,4.082,108,1,0,21,6.28619999999999,4.21053000000001,1.0678,0
959,1.721,110,0,0,20,16.0942,7.16335000000001,0.9572,1
409,1.801,6,0,0,19,19.8308,8.79128000000001,0.9088,0
956,1.098,110,0,0,20,16.0942,7.16335000000001,0.9572,1
144,1.705,12,1,0,28,3.634,5.99213999999999,0.9977,1
332,4.902,4,0,0,22,7.39939999999999,16.13606,0.914181818181818,0
986,2.96,111,0,0,21,22.1436,15.59891,1.0653,1
219,2.315,14,0,1,19,0,6.17871,1.7157,0
474,1.626,7,1,0,21,11.2238,10.47761,1.3434,1
542,1.84,9,0,0,26,28.2996,11.28364,0.963,1
15,1.93,1,0,0,35,29.8818,13.33317,0.978,0
837,2.339,107,0,0,31,9.7392,18.27776,0.9478,1
400,3.548,5,0,0,23,10.7842,26.77057,1.9615,1
877,1.51,108,1,0,21,6.28619999999999,4.21053000000001,1.0678,1
571,3.379,101,0,0,26,35.7606,36.33704,1.3995,0
259,2.807,2,0,0,21,3.29719999999999,0,0.762,0
193,2.693,13,0,0,21,2.55919999999999,9.16029000000001,1.0889,1
351,1.721,4,0,0,22,7.39939999999999,16.13606,0.914181818181818,1
776,5.811,106,1,0,21,5.6622,15.63464,0.9637,0
612,2.322,102,1,0,26,32.616,21.84194,1.1167,0
844,3.391,108,1,0,21,6.28619999999999,4.21053000000001,1.0678,0
960,2.787,110,0,0,20,16.0942,7.16335000000001,0.9572,1
440,1.353,6,0,0,19,19.8308,8.79128000000001,0.9088,1
75,4.406,10,1,0,22,25.475,21.56203,1.4604,1
890,1.676,109,0,1,21,9.5668,19.40929,1.1155,0
446,2.234,7,1,0,21,11.2238,10.47761,1.3434,0
107,2.456,11,0,0,23,6.39999999999999,13.71523,1.0412,1
435,1.38,6,0,0,19,19.8308,8.79128000000001,0.9088,1
718,1.517,104,0,1,21,26.4328,9.5462,1.1782,1
184,1.49,13,0,0,21,2.55919999999999,9.16029000000001,1.0889,1
988,3.652,111,0,0,21,22.1436,15.59891,1.0653,1
910,3.796,109,0,1,21,9.5668,19.40929,1.1155,1
838,1.57,107,0,0,31,9.7392,18.27776,0.9478,1
989,1.953,111,0,0,21,22.1436,15.59891,1.0653,1
523,1.887,9,0,0,26,28.2996,11.28364,0.963,0
856,2.779,108,1,0,21,6.28619999999999,4.21053000000001,1.0678,0
187,2.752,13,0,0,21,2.55919999999999,9.16029000000001,1.0889,1
670,1.698,103,0,0,27,51.8788,40.34252,0.858,1
921,1.489,109,0,1,21,9.5668,19.40929,1.1155,1
589,4.146,101,0,0,26,35.7606,36.33704,1.3995,1
783,2.57,106,1,0,21,5.6622,15.63464,0.9637,0
664,2.005,103,0,0,27,51.8788,40.34252,0.858,1
37,2.318,1,0,0,35,29.8818,13.33317,0.978,1
696,2.136,104,0,1,21,26.4328,9.5462,1.1782,0
546,1.908,9,0,0,26,28.2996,11.28364,0.963,1
325,7.085,4,0,0,22,7.39939999999999,16.13606,0.914181818181818,0
83,3.039,11,0,0,23,6.39999999999999,13.71523,1.0412,0
919,3.301,109,0,1,21,9.5668,19.40929,1.1155,1
681,1.529,103,0,0,27,51.8788,40.34252,0.858,1
272,1.666,2,0,0,21,3.29719999999999,0,0.762,1
804,12.041,107,0,0,31,9.7392,18.27776,0.9478,0
528,1.92,9,0,0,26,28.2996,11.28364,0.963,0
327,3.916,4,0,0,22,7.39939999999999,16.13606,0.914181818181818,0
976,2.528,111,0,0,21,22.1436,15.59891,1.0653,0
33,2.554,1,0,0,35,29.8818,13.33317,0.978,1